ID;US001;US002;US003;US004;US005;US006;US007;US008;US009;US010;US011;US012;US013;US014;US015;US016;US017;US018;US019;US020;US021;US022;US023;US024;US025;US026;US027;US028;US029;US030;US031;US032;US033;US034;US035;US036;US037;US038;US039;US040;US041;US042;US043;US044;US045;US046;US047;US048;US049;US050;US051;US052;US053;US054;US055;US056;US057;US058;US059;US060;US061;US062;US063;US064;US065;US066;US067;US068;US069;US070;US071;US072;US073;US074;US075;US076;US077;US078;US079;US080;US081;US082;US083;US084;US085;US086;US087;US088;US089;US090;US091;US092;US093;US094;US095;US096;US097;US098;US099;US100;US101;US102;US103;US104;US105;US106;US107;US108;US109;US110;US111;US112;US113
US001;0;1;0;1;0;0;1;0;0;0;1;0;0;0;1;0;0;0;0;0;1;0;0;0;0;0;0;0;1;0;0;0;0;0;0;0;0;0;0;1;0;1;0;0;0;0;1;0;0;0;1;1;0;0;0;1;0;1;0;1;0;0;0;1;0;0;0;0;0;1;0;0;0;0;0;0;1;1;0;0;1;1;0;0;1;0;0;0;1;1;1;0;0;0;0;0;0;0;0;0;1;0;0;0;0;0;0;0;0;1;1;0;0
US002;0;1;0;1;0;0;0;1;1;0;0;0;0;0;0;0;0;0;0;0;1;1;0;0;0;1;0;0;0;0;0;0;0;0;1;0;1;0;1;1;1;1;0;1;0;0;0;0;0;0;1;1;1;0;0;1;0;0;0;0;1;0;0;1;0;0;0;0;0;1;1;0;0;0;0;0;0;0;0;0;0;1;0;0;0;0;0;0;0;0;0;0;0;0;0;1;1;0;0;0;1;1;0;1;0;0;1;0;0;1;1;1;1
US003;98;98;98;98;98;98;98;98;98;98;98;98;98;98;98;98;98;98;98;98;98;98;98;98;98;98;98;98;98;98;98;98;98;98;98;98;98;98;98;98;98;98;98;98;98;98;98;98;98;98;98;98;98;98;98;98;98;98;98;98;98;98;98;98;98;98;98;98;98;98;98;98;98;98;98;98;98;98;98;98;98;98;98;98;98;98;98;98;98;98;98;98;98;98;98;98;98;98;98;98;98;98;98;98;98;98;98;98;98;98;98;98;98
US004;0;0;0;0;0;0;0;0;0;0;0;0;0;0;0;0;0;0;0;0;0;0;0;0;0;0;0;0;0;0;0;0;0;0;0;0;0;0;0;0;0;0;0;0;0;0;0;0;0;0;0;0;0;0;0;0;0;0;0;0;0;0;0;0;0;0;0;0;0;0;0;0;0;0;0;0;0;0;0;0;0;0;0;0;0;0;0;0;0;0;0;0;0;0;0;0;0;0;0;0;0;0;0;0;0;0;0;0;0;0;0;0;0
US005;0;0;0;0;1;0;0;0;1;0;0;0;0;0;1;1;0;0;0;0;0;1;0;0;0;0;0;0;1;0;0;0;0;0;0;0;1;0;1;0;1;0;0;0;0;0;0;0;0;0;0;1;0;0;0;0;0;0;0;1;0;0;0;0;0;0;0;0;0;0;0;0;0;0;0;0;0;0;0;0;0;0;0;0;0;0;0;0;0;0;0;0;0;0;0;0;0;0;0;0;0;0;0;0;0;0;0;0;0;1;1;0;1
US006;98;98;98;98;98;98;98;98;98;98;98;98;98;98;98;98;98;98;98;98;98;98;98;98;98;98;98;98;98;98;98;98;98;98;98;98;98;98;98;98;98;98;98;98;98;98;98;98;98;98;98;98;98;98;98;98;98;98;98;98;98;98;98;98;98;98;98;98;98;98;98;98;98;98;98;98;98;98;98;98;98;98;98;98;98;98;98;98;98;98;98;98;98;98;98;98;98;98;98;98;98;98;98;98;98;98;98;98;98;98;98;98;98
US007;1;0;0;0;0;0;1;0;0;0;0;0;0;0;0;0;0;0;0;1;0;0;0;0;0;1;0;0;0;0;0;0;0;0;0;0;0;0;0;0;0;1;0;0;0;0;0;0;0;0;0;0;0;0;0;0;0;0;0;0;1;0;0;0;0;0;0;0;0;1;0;0;0;0;0;0;0;0;0;0;0;0;0;0;0;0;0;0;0;0;0;0;0;0;0;0;1;1;0;0;0;0;0;0;1;0;0;0;0;0;0;1;0
US008;0;0;0;0;0;0;0;0;0;0;0;0;0;0;0;0;0;0;0;0;0;0;0;0;0;0;0;0;0;0;0;0;0;0;0;0;0;0;0;0;0;1;0;0;0;0;0;0;0;0;0;0;0;0;0;0;0;0;0;0;0;0;0;0;0;0;0;0;0;0;0;0;0;0;0;0;0;0;0;0;0;0;0;0;0;0;0;0;0;0;0;0;0;0;0;0;0;0;0;0;0;0;0;0;0;0;0;0;0;0;0;0;0
US009;0;0;0;0;0;0;0;0;0;0;0;0;0;0;0;0;0;0;0;0;0;0;0;0;0;0;0;0;0;0;0;0;0;0;0;0;0;0;0;0;0;0;0;0;0;0;0;0;0;0;0;0;0;0;0;0;0;0;0;0;0;0;0;0;0;0;0;0;0;0;0;0;0;0;0;0;0;0;0;0;0;0;0;0;0;0;0;0;0;0;0;0;0;0;0;0;0;0;0;0;0;0;0;0;0;0;0;0;0;0;0;0;0
US010;1;0;0;1;0;1;0;0;0;1;0;0;0;0;0;1;0;0;0;0;1;0;1;0;0;1;0;1;0;0;0;1;0;0;0;0;1;1;1;0;0;0;0;0;0;0;1;0;0;0;1;1;0;1;0;0;0;0;0;0;0;1;0;0;0;0;0;0;0;0;0;0;0;0;0;0;0;0;0;0;0;0;0;0;0;0;0;0;0;0;0;0;0;0;0;0;0;0;0;0;0;0;0;0;0;0;0;0;0;0;1;0;0
US011;98;98;98;98;98;98;98;98;98;98;98;98;98;98;98;98;98;98;98;98;98;98;98;98;98;98;98;98;98;98;98;98;98;98;98;98;98;98;98;98;98;98;98;98;98;98;98;98;98;98;98;98;98;98;98;98;98;98;98;98;98;98;98;98;98;98;98;98;98;98;98;98;98;98;98;98;98;98;98;98;98;98;98;98;98;98;98;98;98;98;98;98;98;98;98;98;98;98;98;98;98;98;98;98;98;98;98;98;98;98;98;98;98
US012;98;98;98;98;98;98;98;98;98;98;98;98;98;98;98;98;98;98;98;98;98;98;98;98;98;98;98;98;98;98;98;98;98;98;98;98;98;98;98;98;98;98;98;98;98;98;98;98;98;98;98;98;98;98;98;98;98;98;98;98;98;98;98;98;98;98;98;98;98;98;98;98;98;98;98;98;98;98;98;98;98;98;98;98;98;98;98;98;98;98;98;98;98;98;98;98;98;98;98;98;98;98;98;98;98;98;98;98;98;98;98;98;98
US013;98;98;98;98;98;98;98;98;98;98;98;98;98;98;98;98;98;98;98;98;98;98;98;98;98;98;98;98;98;98;98;98;98;98;98;98;98;98;98;98;98;98;98;98;98;98;98;98;98;98;98;98;98;98;98;98;98;98;98;98;98;98;98;98;98;98;98;98;98;98;98;98;98;98;98;98;98;98;98;98;98;98;98;98;98;98;98;98;98;98;98;98;98;98;98;98;98;98;98;98;98;98;98;98;98;98;98;98;98;98;98;98;98
US014;98;98;98;98;98;98;98;98;98;98;98;98;98;98;98;98;98;98;98;98;98;98;98;98;98;98;98;98;98;98;98;98;98;98;98;98;98;98;98;98;98;98;98;98;98;98;98;98;98;98;98;98;98;98;98;98;98;98;98;98;98;98;98;98;98;98;98;98;98;98;98;98;98;98;98;98;98;98;98;98;98;98;98;98;98;98;98;98;98;98;98;98;98;98;98;98;98;98;98;98;98;98;98;98;98;98;98;98;98;98;98;98;98
US015;0;0;0;0;0;0;0;0;0;0;0;0;0;0;0;0;0;0;0;0;0;0;0;0;0;0;0;0;0;0;0;0;0;0;0;0;0;0;0;0;0;0;0;0;0;0;0;0;0;0;0;0;0;0;0;0;0;0;0;0;0;0;0;0;0;0;0;0;0;0;0;0;0;0;0;0;0;0;0;0;0;0;0;0;0;0;0;0;0;0;0;0;0;0;0;0;0;0;0;0;0;0;0;0;0;0;0;0;0;0;0;0;0
US016;0;1;1;0;0;0;0;0;0;0;0;0;0;0;0;1;0;0;0;0;0;0;0;0;0;1;1;1;0;1;0;1;0;0;0;0;1;0;1;0;1;0;0;1;0;0;1;0;0;0;1;0;0;0;1;0;0;0;0;1;1;0;0;0;1;0;0;0;1;1;1;0;0;0;0;0;0;0;0;0;0;1;0;0;0;0;0;0;0;0;0;0;0;0;0;1;0;0;0;1;1;0;0;0;0;0;1;0;0;1;1;1;0
US017;98;98;98;98;98;98;98;98;98;98;98;98;98;98;98;98;98;98;98;98;98;98;98;98;98;98;98;98;98;98;98;98;98;98;98;98;98;98;98;98;98;98;98;98;98;98;98;98;98;98;98;98;98;98;98;98;98;98;98;98;98;98;98;98;98;98;98;98;98;98;98;98;98;98;98;98;98;98;98;98;98;98;98;98;98;98;98;98;98;98;98;98;98;98;98;98;98;98;98;98;98;98;98;98;98;98;98;98;98;98;98;98;98
US018;0;0;0;0;0;0;0;0;0;0;0;0;0;0;0;1;0;0;1;0;1;1;0;0;0;1;0;1;0;0;0;0;0;0;0;1;1;1;1;1;1;0;0;0;0;0;1;0;0;1;1;1;1;0;1;1;0;0;1;1;0;0;0;1;0;1;0;0;0;0;1;0;0;0;0;0;0;0;0;0;0;0;0;0;0;0;0;0;0;0;0;0;0;0;0;1;0;0;0;0;0;0;0;0;0;0;0;0;0;1;1;0;0
US019;98;98;98;98;98;98;98;98;98;98;98;98;98;98;98;98;98;98;98;98;98;98;98;98;98;98;98;98;98;98;98;98;98;98;98;98;98;98;98;98;98;98;98;98;98;98;98;98;98;98;98;98;98;98;98;98;98;98;98;98;98;98;98;98;98;98;98;98;98;98;98;98;98;98;98;98;98;98;98;98;98;98;98;98;98;98;98;98;98;98;98;98;98;98;98;98;98;98;98;98;98;98;98;98;98;98;98;98;98;98;98;98;98
US020;0;0;0;0;0;0;0;0;0;0;0;0;0;0;0;0;0;0;0;1;0;0;0;0;0;1;0;0;0;0;0;0;0;0;0;0;0;0;0;0;1;0;0;0;0;0;1;0;0;0;1;1;0;0;1;0;0;0;0;1;0;0;0;0;0;0;0;0;1;0;0;0;0;0;0;0;0;0;0;0;0;1;0;0;0;0;0;0;0;0;0;0;0;0;0;0;0;0;0;0;0;0;1;0;0;0;0;0;0;0;1;0;0
US021;0;0;0;0;0;0;0;0;0;0;0;0;0;0;0;0;0;0;0;0;0;0;0;0;0;1;0;0;0;0;0;0;0;0;0;0;0;0;0;0;0;0;0;0;0;0;0;0;0;0;0;1;0;0;0;0;0;0;0;0;1;0;0;0;0;0;0;0;0;0;0;0;0;0;0;0;0;0;0;0;0;0;0;0;0;0;0;0;0;0;0;0;0;0;0;0;0;0;0;0;0;0;0;0;0;0;0;0;0;0;0;0;0
US022;0;0;0;0;0;0;0;0;0;0;0;0;0;0;0;0;0;0;0;0;0;0;0;0;0;0;0;0;0;0;0;0;0;0;0;0;0;0;1;0;0;0;0;0;0;0;0;0;0;0;1;1;0;0;0;0;0;0;0;1;0;0;0;0;0;0;0;0;0;0;0;0;0;0;0;0;0;0;0;0;0;0;0;0;0;0;0;0;0;0;0;0;0;0;0;1;0;0;0;0;0;0;1;0;0;0;0;0;0;1;0;0;0
US023;0;0;0;0;0;1;0;0;1;0;1;0;0;0;0;0;0;1;0;0;0;1;0;0;0;0;0;1;1;0;1;1;0;1;0;0;0;1;1;1;1;1;0;0;0;0;0;0;0;0;0;0;0;0;0;1;0;0;0;1;1;0;0;1;0;0;0;0;0;0;0;0;0;0;0;0;0;0;0;0;0;1;0;0;0;0;0;0;0;0;0;0;0;0;0;0;1;0;0;0;0;0;0;0;0;0;1;0;0;1;0;0;0
US024;0;0;1;0;0;0;0;0;1;0;0;0;0;0;0;1;0;0;0;0;1;0;1;0;0;1;0;0;0;0;0;0;0;0;0;0;0;1;1;1;0;1;0;0;0;0;0;0;0;0;1;0;0;0;0;0;0;0;0;1;0;0;0;1;0;0;0;0;0;0;0;0;0;0;0;0;0;0;0;0;0;1;0;0;0;0;0;0;0;0;0;0;0;0;0;1;1;0;0;0;0;0;0;0;0;0;0;0;0;0;0;0;0
US025;0;0;0;0;0;0;0;0;0;0;0;0;0;0;0;0;0;0;0;0;1;1;0;0;1;1;0;0;0;0;1;0;0;0;0;0;1;0;0;1;1;0;0;0;0;1;1;0;0;0;1;1;0;0;0;0;0;0;0;0;1;0;0;1;1;0;0;1;0;1;1;0;0;0;0;0;0;0;0;0;0;1;0;0;0;0;0;0;0;0;0;0;0;0;0;1;1;0;0;0;1;1;0;1;0;0;1;1;0;1;0;0;0
US026;0;0;0;0;0;0;0;0;0;0;0;0;0;0;0;0;0;0;0;0;0;0;0;0;0;0;0;0;0;0;0;0;0;0;0;0;0;0;1;0;0;1;0;0;0;0;0;0;0;0;0;1;0;0;0;0;0;0;0;1;0;0;0;0;0;0;0;0;0;1;0;0;0;0;0;0;0;0;0;0;0;1;0;0;0;0;0;0;0;0;0;0;0;0;0;0;0;0;0;0;0;0;0;0;0;0;1;0;0;1;0;0;0
US027;98;98;98;98;98;98;98;98;98;98;98;98;98;98;98;98;98;98;98;98;98;98;98;98;98;98;98;98;98;98;98;98;98;98;98;98;98;98;98;98;98;98;98;98;98;98;98;98;98;98;98;98;98;98;98;98;98;98;98;98;98;98;98;98;98;98;98;98;98;98;98;98;98;98;98;98;98;98;98;98;98;98;98;98;98;98;98;98;98;98;98;98;98;98;98;98;98;98;98;98;98;98;98;98;98;98;98;98;98;98;98;98;98
US028;98;98;98;98;98;98;98;98;98;98;98;98;98;98;98;98;98;98;98;98;98;98;98;98;98;98;98;98;98;98;98;98;98;98;98;98;98;98;98;98;98;98;98;98;98;98;98;98;98;98;98;98;98;98;98;98;98;98;98;98;98;98;98;98;98;98;98;98;98;98;98;98;98;98;98;98;98;98;98;98;98;98;98;98;98;98;98;98;98;98;98;98;98;98;98;98;98;98;98;98;98;98;98;98;98;98;98;98;98;98;98;98;98
US029;1;0;0;0;0;0;0;0;0;0;0;0;0;0;0;0;0;1;0;1;0;0;0;0;0;1;1;1;0;0;0;0;0;0;0;0;0;0;1;1;0;0;0;0;0;0;0;0;0;0;1;1;0;0;0;1;0;0;0;1;0;0;0;1;0;0;0;0;0;1;1;0;0;0;0;0;0;0;0;0;0;1;0;0;0;0;0;0;0;0;0;0;0;0;0;0;0;0;0;0;0;0;0;0;0;0;1;0;0;1;1;0;1
US030;0;0;0;0;0;0;0;0;0;0;0;0;0;0;0;0;0;0;0;0;0;0;0;0;0;0;0;0;0;0;1;0;0;0;0;0;0;0;1;0;0;0;0;0;0;0;0;0;0;0;0;1;0;0;1;0;0;1;0;1;1;0;0;0;0;0;0;0;0;1;0;0;0;0;0;0;0;0;0;0;0;0;0;0;0;0;0;0;0;0;0;0;0;0;0;0;0;0;0;0;0;1;1;1;0;0;0;0;0;1;0;0;0
US031;98;98;98;98;98;98;98;98;98;98;98;98;98;98;98;98;98;98;98;98;98;98;98;98;98;98;98;98;98;98;98;98;98;98;98;98;98;98;98;98;98;98;98;98;98;98;98;98;98;98;98;98;98;98;98;98;98;98;98;98;98;98;98;98;98;98;98;98;98;98;98;98;98;98;98;98;98;98;98;98;98;98;98;98;98;98;98;98;98;98;98;98;98;98;98;98;98;98;98;98;98;98;98;98;98;98;98;98;98;98;98;98;98
US032;1;1;0;1;1;0;1;0;1;0;1;1;1;1;1;1;0;1;1;1;1;1;0;0;1;1;1;1;1;0;1;0;0;0;0;0;1;1;1;1;1;0;1;1;0;1;1;0;0;0;1;1;0;1;1;1;0;0;1;1;1;0;1;1;1;0;1;1;1;1;1;0;0;0;0;0;0;0;0;0;0;1;0;0;0;0;0;0;0;0;0;1;1;1;0;1;1;1;0;1;1;1;1;1;0;1;1;1;1;1;1;1;1
US033;98;98;98;98;98;98;98;98;98;98;98;98;98;98;98;98;98;98;98;98;98;98;98;98;98;98;98;98;98;98;98;98;98;98;98;98;98;98;98;98;98;98;98;98;98;98;98;98;98;98;98;98;98;98;98;98;98;98;98;98;98;98;98;98;98;98;98;98;98;98;98;98;98;98;98;98;98;98;98;98;98;98;98;98;98;98;98;98;98;98;98;98;98;98;98;98;98;98;98;98;98;98;98;98;98;98;98;98;98;98;98;98;98
US034;98;98;98;98;98;98;98;98;98;98;98;98;98;98;98;98;98;98;98;98;98;98;98;98;98;98;98;98;98;98;98;98;98;98;98;98;98;98;98;98;98;98;98;98;98;98;98;98;98;98;98;98;98;98;98;98;98;98;98;98;98;98;98;98;98;98;98;98;98;98;98;98;98;98;98;98;98;98;98;98;98;98;98;98;98;98;98;98;98;98;98;98;98;98;98;98;98;98;98;98;98;98;98;98;98;98;98;98;98;98;98;98;98
US035;0;0;0;0;0;0;0;0;0;0;0;0;0;0;0;0;0;0;0;0;1;0;0;0;0;1;0;0;1;0;0;0;0;0;0;0;0;0;0;0;0;0;0;0;0;1;0;0;0;0;1;1;0;0;0;0;0;0;0;1;0;0;0;0;0;0;0;0;0;0;1;0;0;0;0;0;1;0;0;0;0;0;0;0;0;0;0;0;0;0;0;1;0;0;0;1;0;0;0;0;1;1;0;0;0;0;0;0;1;1;1;1;1
US036;98;98;98;98;98;98;98;98;98;98;98;98;98;98;98;98;98;98;98;98;98;98;98;98;98;98;98;98;98;98;98;98;98;98;98;98;98;98;98;98;98;98;98;98;98;98;98;98;98;98;98;98;98;98;98;98;98;98;98;98;98;98;98;98;98;98;98;98;98;98;98;98;98;98;98;98;98;98;98;98;98;98;98;98;98;98;98;98;98;98;98;98;98;98;98;98;98;98;98;98;98;98;98;98;98;98;98;98;98;98;98;98;98
US037;0;0;0;0;0;0;0;0;0;0;0;0;0;0;0;0;0;0;0;0;1;0;0;0;0;0;0;0;0;0;0;0;0;0;0;0;1;0;0;0;0;0;0;0;0;0;1;0;0;0;1;1;0;0;1;0;0;0;0;1;0;0;0;0;0;0;0;0;0;0;1;0;0;0;0;0;0;0;0;0;0;0;0;0;0;0;0;0;0;0;0;0;0;0;0;1;1;0;0;0;0;0;0;0;0;0;0;0;0;1;0;0;0
US038;0;0;0;0;0;0;0;0;0;0;0;0;0;0;0;0;0;0;0;0;0;0;0;0;0;0;0;0;0;0;0;0;0;0;0;0;0;0;1;0;1;0;0;0;0;0;0;0;0;0;0;1;0;0;0;0;0;0;0;0;1;0;0;0;0;0;0;0;0;0;0;0;0;0;0;0;0;0;0;0;0;0;0;0;0;0;0;0;0;0;0;0;0;0;0;0;0;0;0;0;0;0;0;0;0;0;0;0;0;0;0;0;0
US039;0;0;0;0;0;0;0;0;0;0;0;0;0;0;0;0;0;0;0;0;1;0;0;0;0;0;0;0;0;0;0;0;0;0;0;0;1;0;0;0;0;0;0;0;0;0;1;0;0;0;1;1;0;0;1;0;0;0;0;0;0;0;0;0;0;0;0;0;1;0;1;0;0;0;0;0;0;0;0;0;0;0;0;0;0;0;0;0;0;0;0;0;0;0;0;1;0;0;0;0;0;0;0;0;0;0;0;0;0;1;0;0;0
US040;0;0;0;0;0;0;0;0;0;0;0;0;0;0;0;0;0;0;0;0;1;0;0;0;0;0;0;0;0;0;0;0;0;0;0;0;1;0;0;0;0;0;0;0;0;0;1;0;0;0;1;0;0;0;0;0;0;0;0;0;0;0;0;0;0;0;0;0;0;0;0;0;0;0;0;0;0;0;0;0;0;0;0;0;0;0;0;0;0;0;0;0;0;0;0;0;0;0;0;0;0;0;0;0;0;0;0;0;0;1;1;0;1
US041;0;0;0;0;0;0;0;0;0;0;0;0;0;0;0;0;0;0;0;0;1;0;0;0;0;0;1;1;0;1;0;0;0;0;0;0;1;0;1;0;0;1;0;0;0;1;1;0;0;0;1;1;0;0;0;0;0;0;0;1;0;0;0;0;0;0;0;0;1;0;1;0;0;0;0;0;0;0;0;0;0;0;0;0;0;0;0;0;0;0;0;0;0;0;0;1;0;0;0;1;1;1;1;1;0;0;0;0;0;1;0;0;0
US042;98;98;98;98;98;98;98;98;98;98;98;98;98;98;98;98;98;98;98;98;98;98;98;98;98;98;98;98;98;98;98;98;98;98;98;98;98;98;98;98;98;98;98;98;98;98;98;98;98;98;98;98;98;98;98;98;98;98;98;98;98;98;98;98;98;98;98;98;98;98;98;98;98;98;98;98;98;98;98;98;98;98;98;98;98;98;98;98;98;98;98;98;98;98;98;98;98;98;98;98;98;98;98;98;98;98;98;98;98;98;98;98;98
US043;98;98;98;98;98;98;98;98;98;98;98;98;98;98;98;98;98;98;98;98;98;98;98;98;98;98;98;98;98;98;98;98;98;98;98;98;98;98;98;98;98;98;98;98;98;98;98;98;98;98;98;98;98;98;98;98;98;98;98;98;98;98;98;98;98;98;98;98;98;98;98;98;98;98;98;98;98;98;98;98;98;98;98;98;98;98;98;98;98;98;98;98;98;98;98;98;98;98;98;98;98;98;98;98;98;98;98;98;98;98;98;98;98
US044;0;0;0;0;0;0;0;0;0;0;0;0;0;0;0;0;0;0;0;0;0;0;0;0;0;0;0;0;0;0;0;0;0;0;0;0;0;0;0;0;0;0;0;0;0;0;0;0;0;0;0;0;0;0;0;0;0;0;0;0;0;0;0;0;0;0;0;0;0;0;0;0;0;0;0;0;0;0;0;0;0;0;0;0;0;0;0;0;0;0;0;0;0;0;0;0;0;0;0;0;0;0;0;0;0;0;0;0;0;0;0;0;0
US045;98;98;98;98;98;98;98;98;98;98;98;98;98;98;98;98;98;98;98;98;98;98;98;98;98;98;98;98;98;98;98;98;98;98;98;98;98;98;98;98;98;98;98;98;98;98;98;98;98;98;98;98;98;98;98;98;98;98;98;98;98;98;98;98;98;98;98;98;98;98;98;98;98;98;98;98;98;98;98;98;98;98;98;98;98;98;98;98;98;98;98;98;98;98;98;98;98;98;98;98;98;98;98;98;98;98;98;98;98;98;98;98;98
US046;0;0;0;0;0;0;0;0;0;0;0;0;0;0;0;0;0;0;0;0;0;0;0;0;0;0;0;0;0;0;0;0;0;0;0;0;0;0;0;0;0;0;0;0;0;0;0;0;0;0;1;1;0;0;1;0;0;0;0;1;1;0;0;0;0;0;0;0;1;0;0;0;0;0;0;0;0;0;0;0;0;0;0;0;0;0;0;0;0;0;0;0;0;0;0;0;0;0;0;0;0;0;1;1;0;0;0;0;0;1;0;0;0
US047;0;0;0;0;0;0;0;0;0;0;0;0;0;0;0;0;0;0;0;0;1;0;0;0;0;0;0;0;0;0;0;0;0;0;0;0;1;0;0;0;0;0;0;0;0;0;1;0;0;0;1;1;0;0;1;0;0;0;0;0;1;0;0;0;0;0;0;0;1;0;1;0;0;0;0;0;0;0;0;0;0;0;0;0;0;0;0;0;0;0;0;0;0;0;0;1;0;0;0;1;1;1;1;1;0;0;0;0;0;1;0;0;0
US048;98;98;98;98;98;98;98;98;98;98;98;98;98;98;98;98;98;98;98;98;98;98;98;98;98;98;98;98;98;98;98;98;98;98;98;98;98;98;98;98;98;98;98;98;98;98;98;98;98;98;98;98;98;98;98;98;98;98;98;98;98;98;98;98;98;98;98;98;98;98;98;98;98;98;98;98;98;98;98;98;98;98;98;98;98;98;98;98;98;98;98;98;98;98;98;98;98;98;98;98;98;98;98;98;98;98;98;98;98;98;98;98;98
US049;0;0;0;0;0;0;0;0;1;0;0;0;0;0;0;0;0;1;0;0;0;0;1;0;0;1;0;1;0;0;0;0;0;0;0;0;1;1;1;1;0;1;0;0;0;0;0;0;1;0;1;0;0;0;0;1;0;0;0;0;0;0;0;1;0;0;0;0;0;0;0;0;0;0;0;0;1;1;0;0;0;1;0;0;1;0;0;0;1;1;0;0;0;0;0;0;0;0;0;0;0;0;0;0;0;0;1;0;0;1;0;0;1
US050;0;0;0;0;0;0;0;1;1;0;1;0;0;0;0;0;0;1;0;0;1;0;0;0;0;1;0;0;0;0;0;0;0;0;0;0;1;1;1;1;0;1;0;1;0;0;0;0;0;1;1;0;1;1;0;0;0;0;1;1;0;1;1;1;1;1;0;0;0;1;0;0;0;0;0;0;0;0;0;0;0;0;0;0;0;0;0;0;0;0;0;0;0;0;0;0;1;0;0;0;0;0;0;0;1;0;1;1;1;1;1;0;1
US051;0;0;0;0;0;0;0;0;0;0;0;0;0;0;0;0;0;0;0;0;1;0;0;0;0;1;1;0;0;0;0;0;0;0;0;0;0;0;1;0;0;0;0;0;0;0;1;0;0;0;1;1;0;0;1;0;0;0;0;0;0;0;0;0;0;0;0;0;1;0;1;0;0;0;0;0;0;0;0;0;0;1;0;0;0;0;0;0;0;0;0;0;0;0;0;1;0;0;0;0;1;0;0;0;0;0;0;0;0;1;1;0;0
US052;0;0;0;0;0;0;0;0;0;0;0;0;0;0;0;0;0;0;0;0;1;0;0;0;0;1;0;1;0;0;0;0;0;0;0;0;1;0;1;0;0;1;0;0;0;0;0;0;0;0;1;1;0;0;1;0;0;0;0;1;0;0;0;0;0;0;0;0;1;1;0;0;0;0;0;0;0;0;0;0;0;1;0;0;0;0;0;0;0;0;0;0;0;0;0;1;0;0;0;0;1;0;1;1;0;0;1;0;0;1;1;1;1
US053;0;0;0;0;0;0;0;0;0;0;0;0;0;0;0;0;0;0;0;0;0;0;0;0;0;0;0;0;0;0;0;0;0;0;0;0;0;0;0;0;1;0;0;0;0;0;0;0;0;0;0;0;1;0;0;0;0;0;0;1;0;0;0;0;0;0;0;0;0;1;0;0;0;0;0;0;0;0;0;0;0;0;0;0;0;0;0;0;0;0;0;0;0;0;0;0;0;0;0;0;0;0;0;0;0;0;0;0;0;1;0;0;0
US054;0;0;1;0;0;0;0;0;1;0;0;0;0;0;0;0;0;0;0;0;0;0;0;0;0;1;0;1;0;0;0;0;0;0;0;0;0;1;1;0;0;0;0;0;0;0;0;0;0;0;1;1;0;1;0;1;0;0;1;0;0;0;0;0;0;1;0;0;0;1;0;0;0;0;0;0;0;0;0;0;0;0;0;0;0;0;0;0;0;0;0;0;0;0;0;0;0;0;0;0;0;0;0;0;0;0;0;0;0;1;1;0;1
US055;98;98;98;98;98;98;98;98;98;98;98;98;98;98;98;98;98;98;98;98;98;98;98;98;98;98;98;98;98;98;98;98;98;98;98;98;98;98;98;98;98;98;98;98;98;98;98;98;98;98;98;98;98;98;98;98;98;98;98;98;98;98;98;98;98;98;98;98;98;98;98;98;98;98;98;98;98;98;98;98;98;98;98;98;98;98;98;98;98;98;98;98;98;98;98;98;98;98;98;98;98;98;98;98;98;98;98;98;98;98;98;98;98
US056;0;0;0;0;0;0;0;0;1;0;0;0;0;0;0;0;0;0;0;0;0;0;0;0;0;1;0;0;0;0;0;0;0;0;0;0;0;0;0;0;1;0;0;0;0;0;0;0;0;0;1;1;0;0;0;0;0;0;0;0;1;0;0;0;0;0;0;0;0;0;0;0;0;0;0;0;0;0;0;0;0;0;0;0;0;0;0;0;0;0;0;0;0;0;0;0;0;0;0;0;0;0;0;0;0;0;0;0;0;1;0;0;0
US057;0;0;0;0;1;0;0;0;1;0;0;0;0;0;0;0;0;0;0;0;0;0;0;0;0;1;0;0;0;0;0;0;0;0;0;0;1;0;0;0;0;1;0;0;0;0;0;0;0;0;0;0;0;0;0;0;1;0;0;0;0;0;0;0;0;0;0;0;0;0;0;0;0;0;0;0;0;0;0;0;0;0;0;0;0;0;0;0;0;0;0;0;0;0;0;0;0;0;0;0;1;0;0;0;0;0;0;0;0;0;0;0;0
US058;0;0;0;0;0;0;0;0;0;1;1;0;0;0;0;0;0;0;0;0;0;0;1;0;0;1;0;0;1;0;0;0;0;0;0;0;0;1;1;0;1;0;0;0;0;0;0;0;0;0;0;0;0;0;0;1;0;1;0;0;0;1;0;0;0;0;0;0;0;1;0;0;0;0;0;0;0;0;0;0;0;0;0;0;0;0;0;0;0;0;0;0;0;0;0;0;0;0;0;0;0;0;0;1;0;0;0;0;0;1;1;0;0
US059;0;0;0;0;0;0;0;0;0;0;0;0;0;0;0;1;0;0;0;0;1;0;0;0;0;1;0;1;1;0;0;0;0;0;0;0;1;1;1;0;1;0;0;0;1;0;0;0;0;0;1;0;0;0;0;1;0;0;1;0;1;1;0;0;0;1;0;0;1;0;0;0;0;0;0;0;0;0;0;0;0;1;0;0;0;0;0;0;0;0;0;0;0;0;1;1;0;0;0;0;0;0;0;0;0;0;1;0;0;1;1;1;0
US060;98;98;98;98;98;98;98;98;98;98;98;98;98;98;98;98;98;98;98;98;98;98;98;98;98;98;98;98;98;98;98;98;98;98;98;98;98;98;98;98;98;98;98;98;98;98;98;98;98;98;98;98;98;98;98;98;98;98;98;98;98;98;98;98;98;98;98;98;98;98;98;98;98;98;98;98;98;98;98;98;98;98;98;98;98;98;98;98;98;98;98;98;98;98;98;98;98;98;98;98;98;98;98;98;98;98;98;98;98;98;98;98;98
US061;98;98;98;98;98;98;98;98;98;98;98;98;98;98;98;98;98;98;98;98;98;98;98;98;98;98;98;98;98;98;98;98;98;98;98;98;98;98;98;98;98;98;98;98;98;98;98;98;98;98;98;98;98;98;98;98;98;98;98;98;98;98;98;98;98;98;98;98;98;98;98;98;98;98;98;98;98;98;98;98;98;98;98;98;98;98;98;98;98;98;98;98;98;98;98;98;98;98;98;98;98;98;98;98;98;98;98;98;98;98;98;98;98
US062;0;0;0;0;0;0;0;0;0;0;0;0;0;0;1;1;0;0;0;0;0;0;0;0;0;0;0;1;0;0;0;0;0;0;0;0;0;1;1;0;1;0;0;0;0;0;1;0;0;0;1;0;0;0;0;0;0;0;0;0;0;1;0;0;0;1;0;0;0;0;0;0;0;0;0;0;0;0;0;0;0;0;0;0;0;0;0;0;0;0;0;0;0;0;1;0;0;0;0;0;0;0;0;0;0;0;0;0;0;0;0;0;0
US063;0;0;0;0;0;0;0;0;0;0;0;0;0;0;0;0;0;0;0;0;0;1;0;0;0;1;0;0;0;0;0;0;0;0;0;0;1;0;0;1;0;1;0;0;0;0;0;0;0;0;1;1;0;0;1;0;0;0;0;1;0;0;0;1;0;0;0;0;1;0;1;0;0;0;0;0;0;0;0;0;0;0;0;0;0;0;0;0;0;0;0;0;0;0;0;1;0;0;0;0;0;0;1;0;0;0;0;0;0;1;0;0;0
US064;0;1;0;0;0;0;0;0;0;0;0;0;0;0;0;0;0;1;0;1;1;0;0;0;0;1;0;1;0;0;0;0;0;0;0;0;1;0;0;0;1;1;0;0;0;0;0;0;0;0;1;0;0;0;0;1;0;0;0;0;0;0;0;0;0;0;1;0;0;1;1;0;0;0;0;0;0;0;0;0;0;1;0;0;0;0;0;0;0;0;0;0;0;0;0;1;0;0;0;0;0;0;1;0;0;0;1;0;0;1;1;0;0
US065;0;0;0;0;0;0;0;0;0;0;0;0;0;0;0;1;0;0;0;0;0;0;0;0;0;1;0;0;0;0;0;0;0;0;0;0;1;0;1;0;0;0;0;0;0;0;1;0;0;0;1;0;0;0;0;0;0;0;0;1;0;0;0;0;0;0;0;0;0;0;0;0;0;0;0;0;0;0;0;0;0;0;0;0;0;0;0;0;0;0;0;0;0;0;0;0;0;0;0;0;0;0;0;0;0;0;0;0;0;1;1;0;0
US066;1;0;0;0;0;0;0;1;0;0;1;1;0;0;0;0;0;0;1;0;1;1;1;0;0;1;0;0;0;0;0;0;0;0;0;1;1;0;1;1;0;0;0;0;1;0;0;0;1;0;1;0;0;0;0;1;0;0;0;1;1;0;0;1;1;1;0;0;1;1;0;0;0;0;1;1;1;1;0;0;1;0;0;1;1;1;1;0;1;1;0;0;0;0;1;1;0;0;0;0;0;0;0;0;0;0;0;0;0;1;0;1;0
US067;1;0;0;0;0;0;0;0;0;0;0;0;0;0;0;0;0;0;0;0;1;0;0;0;1;0;0;0;1;0;0;0;1;0;0;0;1;0;0;0;1;0;0;0;0;0;1;0;0;0;1;0;0;0;0;0;0;0;0;1;0;0;0;1;0;0;0;0;0;1;0;0;0;0;0;0;0;0;0;0;0;1;0;0;0;0;0;0;0;0;0;0;0;0;0;0;0;0;0;0;0;0;0;0;0;0;1;1;0;1;1;0;1
US068;98;98;98;98;98;98;98;98;98;98;98;98;98;98;98;98;98;98;98;98;98;98;98;98;98;98;98;98;98;98;98;98;98;98;98;98;98;98;98;98;98;98;98;98;98;98;98;98;98;98;98;98;98;98;98;98;98;98;98;98;98;98;98;98;98;98;98;98;98;98;98;98;98;98;98;98;98;98;98;98;98;98;98;98;98;98;98;98;98;98;98;98;98;98;98;98;98;98;98;98;98;98;98;98;98;98;98;98;98;98;98;98;98
US069;0;0;0;0;0;0;0;0;0;0;0;0;0;0;0;0;0;0;0;0;0;0;0;0;0;0;0;0;0;0;0;0;0;0;0;0;0;0;0;0;0;0;0;0;0;0;0;0;0;0;0;0;0;0;0;0;0;0;0;0;0;0;0;0;0;0;0;0;0;0;0;0;0;0;0;0;0;0;0;0;0;0;0;0;0;0;0;0;0;0;0;0;0;0;0;0;0;0;0;0;0;0;0;0;0;0;0;0;0;0;0;0;0
US070;0;0;0;0;0;0;0;0;0;0;0;0;0;0;0;0;0;0;0;0;0;0;0;0;0;0;0;0;0;0;0;0;0;0;0;0;0;0;0;0;1;0;0;0;0;0;0;0;0;0;0;0;0;0;0;0;0;0;0;1;0;0;0;0;0;0;0;0;0;0;0;0;0;0;0;0;0;0;0;0;0;0;0;0;0;0;0;0;0;0;0;0;0;0;0;0;0;0;0;0;0;0;0;0;0;0;0;0;0;1;0;0;0
US071;0;0;0;0;0;0;0;0;0;0;0;0;1;0;0;0;0;0;0;0;1;0;0;0;0;1;0;0;0;0;0;0;0;0;0;0;1;0;0;0;1;0;0;0;0;1;1;0;0;0;1;0;0;0;1;0;0;0;0;1;0;0;1;0;0;0;0;0;1;1;1;0;0;0;0;0;0;0;0;0;0;1;0;0;0;0;0;0;0;0;0;0;0;0;0;1;0;0;0;0;1;1;1;1;0;0;1;0;0;1;1;0;0
US072;98;98;98;98;98;98;98;98;98;98;98;98;98;98;98;98;98;98;98;98;98;98;98;98;98;98;98;98;98;98;98;98;98;98;98;98;98;98;98;98;98;98;98;98;98;98;98;98;98;98;98;98;98;98;98;98;98;98;98;98;98;98;98;98;98;98;98;98;98;98;98;98;98;98;98;98;98;98;98;98;98;98;98;98;98;98;98;98;98;98;98;98;98;98;98;98;98;98;98;98;98;98;98;98;98;98;98;98;98;98;98;98;98
US073;98;98;98;98;98;98;98;98;98;98;98;98;98;98;98;98;98;98;98;98;98;98;98;98;98;98;98;98;98;98;98;98;98;98;98;98;98;98;98;98;98;98;98;98;98;98;98;98;98;98;98;98;98;98;98;98;98;98;98;98;98;98;98;98;98;98;98;98;98;98;98;98;98;98;98;98;98;98;98;98;98;98;98;98;98;98;98;98;98;98;98;98;98;98;98;98;98;98;98;98;98;98;98;98;98;98;98;98;98;98;98;98;98
US074;98;98;98;98;98;98;98;98;98;98;98;98;98;98;98;98;98;98;98;98;98;98;98;98;98;98;98;98;98;98;98;98;98;98;98;98;98;98;98;98;98;98;98;98;98;98;98;98;98;98;98;98;98;98;98;98;98;98;98;98;98;98;98;98;98;98;98;98;98;98;98;98;98;98;98;98;98;98;98;98;98;98;98;98;98;98;98;98;98;98;98;98;98;98;98;98;98;98;98;98;98;98;98;98;98;98;98;98;98;98;98;98;98
US075;98;98;98;98;98;98;98;98;98;98;98;98;98;98;98;98;98;98;98;98;98;98;98;98;98;98;98;98;98;98;98;98;98;98;98;98;98;98;98;98;98;98;98;98;98;98;98;98;98;98;98;98;98;98;98;98;98;98;98;98;98;98;98;98;98;98;98;98;98;98;98;98;98;98;98;98;98;98;98;98;98;98;98;98;98;98;98;98;98;98;98;98;98;98;98;98;98;98;98;98;98;98;98;98;98;98;98;98;98;98;98;98;98
US076;0;0;0;0;0;0;0;0;0;0;0;0;0;0;0;0;0;0;0;0;0;0;0;0;0;0;0;0;0;0;0;0;0;0;0;0;0;0;0;0;0;0;0;0;0;0;0;0;0;0;0;1;0;0;0;0;0;0;0;1;0;0;0;0;0;0;0;0;0;0;0;0;0;0;0;0;0;0;0;0;0;0;0;0;0;0;0;1;0;0;0;0;0;0;0;0;0;0;0;0;0;0;0;0;0;0;0;0;0;0;0;0;0
US077;98;98;98;98;98;98;98;98;98;98;98;98;98;98;98;98;98;98;98;98;98;98;98;98;98;98;98;98;98;98;98;98;98;98;98;98;98;98;98;98;98;98;98;98;98;98;98;98;98;98;98;98;98;98;98;98;98;98;98;98;98;98;98;98;98;98;98;98;98;98;98;98;98;98;98;98;98;98;98;98;98;98;98;98;98;98;98;98;98;98;98;98;98;98;98;98;98;98;98;98;98;98;98;98;98;98;98;98;98;98;98;98;98
US078;0;1;0;0;0;0;0;0;0;0;1;0;0;0;0;0;0;0;0;0;1;0;0;0;0;1;0;0;0;0;0;0;0;0;0;0;0;0;0;0;0;0;0;0;0;0;1;0;0;0;1;1;0;0;1;0;0;0;0;0;1;0;0;0;0;0;0;0;0;1;0;0;0;0;0;0;0;0;0;0;0;0;0;0;0;0;0;0;0;0;0;0;0;1;0;1;1;0;0;0;1;1;0;0;0;0;1;0;0;1;1;0;0
US079;98;98;98;98;98;98;98;98;98;98;98;98;98;98;98;98;98;98;98;98;98;98;98;98;98;98;98;98;98;98;98;98;98;98;98;98;98;98;98;98;98;98;98;98;98;98;98;98;98;98;98;98;98;98;98;98;98;98;98;98;98;98;98;98;98;98;98;98;98;98;98;98;98;98;98;98;98;98;98;98;98;98;98;98;98;98;98;98;98;98;98;98;98;98;98;98;98;98;98;98;98;98;98;98;98;98;98;98;98;98;98;98;98
US080;98;98;98;98;98;98;98;98;98;98;98;98;98;98;98;98;98;98;98;98;98;98;98;98;98;98;98;98;98;98;98;98;98;98;98;98;98;98;98;98;98;98;98;98;98;98;98;98;98;98;98;98;98;98;98;98;98;98;98;98;98;98;98;98;98;98;98;98;98;98;98;98;98;98;98;98;98;98;98;98;98;98;98;98;98;98;98;98;98;98;98;98;98;98;98;98;98;98;98;98;98;98;98;98;98;98;98;98;98;98;98;98;98
US081;98;98;98;98;98;98;98;98;98;98;98;98;98;98;98;98;98;98;98;98;98;98;98;98;98;98;98;98;98;98;98;98;98;98;98;98;98;98;98;98;98;98;98;98;98;98;98;98;98;98;98;98;98;98;98;98;98;98;98;98;98;98;98;98;98;98;98;98;98;98;98;98;98;98;98;98;98;98;98;98;98;98;98;98;98;98;98;98;98;98;98;98;98;98;98;98;98;98;98;98;98;98;98;98;98;98;98;98;98;98;98;98;98
US082;0;0;0;0;0;0;0;0;1;0;0;0;0;0;1;1;0;0;0;0;0;0;0;0;0;1;0;0;0;0;0;0;0;0;0;1;0;1;1;0;0;0;0;0;0;0;0;0;0;0;1;1;0;0;0;0;0;0;0;0;0;0;0;0;0;1;0;0;0;0;1;0;0;0;0;0;0;0;0;0;0;0;0;0;0;0;0;0;0;0;0;0;0;0;0;1;0;0;0;0;0;0;0;0;0;0;0;0;0;1;1;0;0
US083;98;98;98;98;98;98;98;98;98;98;98;98;98;98;98;98;98;98;98;98;98;98;98;98;98;98;98;98;98;98;98;98;98;98;98;98;98;98;98;98;98;98;98;98;98;98;98;98;98;98;98;98;98;98;98;98;98;98;98;98;98;98;98;98;98;98;98;98;98;98;98;98;98;98;98;98;98;98;98;98;98;98;98;98;98;98;98;98;98;98;98;98;98;98;98;98;98;98;98;98;98;98;98;98;98;98;98;98;98;98;98;98;98
US084;98;98;98;98;98;98;98;98;98;98;98;98;98;98;98;98;98;98;98;98;98;98;98;98;98;98;98;98;98;98;98;98;98;98;98;98;98;98;98;98;98;98;98;98;98;98;98;98;98;98;98;98;98;98;98;98;98;98;98;98;98;98;98;98;98;98;98;98;98;98;98;98;98;98;98;98;98;98;98;98;98;98;98;98;98;98;98;98;98;98;98;98;98;98;98;98;98;98;98;98;98;98;98;98;98;98;98;98;98;98;98;98;98
US085;0;0;0;0;0;0;0;0;0;0;0;0;0;0;0;0;0;0;0;0;0;0;0;0;0;0;0;0;0;0;0;0;0;0;0;0;0;0;0;0;0;1;0;0;0;0;0;0;0;0;0;1;0;0;0;0;0;0;0;0;0;0;0;0;0;0;0;0;0;0;0;0;0;0;0;0;0;0;0;0;0;0;0;0;0;0;0;0;0;0;0;0;0;0;0;1;1;0;0;0;0;0;0;0;0;0;0;0;0;1;0;0;0
US086;1;1;0;0;0;0;1;0;0;1;1;1;0;0;0;0;0;1;0;1;0;1;0;0;0;1;1;1;1;0;0;0;0;0;0;0;1;0;1;1;1;0;0;0;0;0;0;0;0;0;1;1;0;0;0;1;0;0;0;0;1;0;0;1;0;0;0;0;0;1;0;0;0;0;0;0;0;0;0;0;0;1;0;0;0;0;0;0;0;0;0;0;1;1;0;0;1;0;0;0;0;0;0;0;0;0;1;0;0;1;1;0;1
US087;98;98;98;98;98;98;98;98;98;98;98;98;98;98;98;98;98;98;98;98;98;98;98;98;98;98;98;98;98;98;98;98;98;98;98;98;98;98;98;98;98;98;98;98;98;98;98;98;98;98;98;98;98;98;98;98;98;98;98;98;98;98;98;98;98;98;98;98;98;98;98;98;98;98;98;98;98;98;98;98;98;98;98;98;98;98;98;98;98;98;98;98;98;98;98;98;98;98;98;98;98;98;98;98;98;98;98;98;98;98;98;98;98
US088;0;0;0;0;0;0;0;0;0;0;0;0;0;0;0;0;0;0;0;0;0;0;0;0;0;0;0;0;0;0;0;0;0;0;0;0;0;0;0;0;0;0;0;0;0;0;0;0;0;0;0;0;0;0;0;0;0;0;0;0;0;0;0;0;0;0;0;0;0;0;0;0;0;0;0;0;0;0;0;0;0;0;0;0;0;0;0;0;0;0;0;0;0;0;0;0;0;0;0;1;0;0;1;0;0;0;0;0;0;0;0;0;0
US089;98;98;98;98;98;98;98;98;98;98;98;98;98;98;98;98;98;98;98;98;98;98;98;98;98;98;98;98;98;98;98;98;98;98;98;98;98;98;98;98;98;98;98;98;98;98;98;98;98;98;98;98;98;98;98;98;98;98;98;98;98;98;98;98;98;98;98;98;98;98;98;98;98;98;98;98;98;98;98;98;98;98;98;98;98;98;98;98;98;98;98;98;98;98;98;98;98;98;98;98;98;98;98;98;98;98;98;98;98;98;98;98;98
US090;0;0;0;0;0;0;0;0;0;0;0;0;0;0;0;0;0;0;0;0;0;1;0;0;0;1;0;0;0;0;0;0;1;0;0;0;1;0;0;1;1;0;0;0;0;0;0;0;1;0;0;0;0;0;0;0;0;0;0;0;0;1;0;1;0;1;0;0;0;1;0;0;0;0;0;0;0;1;0;0;1;1;0;0;1;0;0;0;1;0;0;1;1;0;0;0;1;0;0;0;0;0;0;0;0;0;1;0;0;0;0;0;0
US091;98;98;98;98;98;98;98;98;98;98;98;98;98;98;98;98;98;98;98;98;98;98;98;98;98;98;98;98;98;98;98;98;98;98;98;98;98;98;98;98;98;98;98;98;98;98;98;98;98;98;98;98;98;98;98;98;98;98;98;98;98;98;98;98;98;98;98;98;98;98;98;98;98;98;98;98;98;98;98;98;98;98;98;98;98;98;98;98;98;98;98;98;98;98;98;98;98;98;98;98;98;98;98;98;98;98;98;98;98;98;98;98;98
US092;98;98;98;98;98;98;98;98;98;98;98;98;98;98;98;98;98;98;98;98;98;98;98;98;98;98;98;98;98;98;98;98;98;98;98;98;98;98;98;98;98;98;98;98;98;98;98;98;98;98;98;98;98;98;98;98;98;98;98;98;98;98;98;98;98;98;98;98;98;98;98;98;98;98;98;98;98;98;98;98;98;98;98;98;98;98;98;98;98;98;98;98;98;98;98;98;98;98;98;98;98;98;98;98;98;98;98;98;98;98;98;98;98
US093;0;1;0;0;0;0;0;0;0;0;0;0;0;0;0;0;0;0;0;0;0;1;0;0;0;1;0;0;0;0;0;0;0;0;0;0;1;0;0;0;1;0;0;0;0;0;1;0;0;0;1;1;1;0;1;0;0;0;0;0;1;0;0;1;0;0;0;0;0;0;1;0;0;0;0;0;0;0;0;0;0;0;0;0;0;0;0;0;0;0;0;0;0;0;0;1;1;0;0;0;0;0;0;0;0;0;0;0;1;1;1;0;1
US094;98;98;98;98;98;98;98;98;98;98;98;98;98;98;98;98;98;98;98;98;98;98;98;98;98;98;98;98;98;98;98;98;98;98;98;98;98;98;98;98;98;98;98;98;98;98;98;98;98;98;98;98;98;98;98;98;98;98;98;98;98;98;98;98;98;98;98;98;98;98;98;98;98;98;98;98;98;98;98;98;98;98;98;98;98;98;98;98;98;98;98;98;98;98;98;98;98;98;98;98;98;98;98;98;98;98;98;98;98;98;98;98;98
US095;98;98;98;98;98;98;98;98;98;98;98;98;98;98;98;98;98;98;98;98;98;98;98;98;98;98;98;98;98;98;98;98;98;98;98;98;98;98;98;98;98;98;98;98;98;98;98;98;98;98;98;98;98;98;98;98;98;98;98;98;98;98;98;98;98;98;98;98;98;98;98;98;98;98;98;98;98;98;98;98;98;98;98;98;98;98;98;98;98;98;98;98;98;98;98;98;98;98;98;98;98;98;98;98;98;98;98;98;98;98;98;98;98
US096;0;0;0;0;0;0;0;0;0;0;0;0;0;0;0;0;0;0;0;0;1;0;0;0;0;1;1;1;1;0;1;0;0;0;0;0;1;0;0;0;1;0;0;0;0;0;1;0;0;0;1;1;0;0;1;0;0;0;0;0;1;0;0;0;0;0;0;0;1;1;1;0;0;0;0;0;0;0;0;0;0;0;0;0;0;0;0;0;0;0;0;0;0;0;0;1;0;0;0;0;1;1;0;1;0;0;0;0;0;1;1;1;0
US097;0;0;0;0;0;0;0;0;0;0;0;0;0;0;0;0;0;0;0;0;1;0;0;0;0;0;0;0;0;0;0;0;0;0;0;0;0;0;0;0;1;0;0;0;0;0;1;0;0;0;1;1;0;0;0;0;0;0;0;1;1;0;0;1;0;0;0;0;1;1;1;0;0;0;0;0;0;0;0;0;0;0;0;0;0;0;0;0;0;0;0;0;0;0;0;1;1;0;0;0;1;0;0;0;0;0;1;0;0;1;1;0;1
US098;98;98;98;98;98;98;98;98;98;98;98;98;98;98;98;98;98;98;98;98;98;98;98;98;98;98;98;98;98;98;98;98;98;98;98;98;98;98;98;98;98;98;98;98;98;98;98;98;98;98;98;98;98;98;98;98;98;98;98;98;98;98;98;98;98;98;98;98;98;98;98;98;98;98;98;98;98;98;98;98;98;98;98;98;98;98;98;98;98;98;98;98;98;98;98;98;98;98;98;98;98;98;98;98;98;98;98;98;98;98;98;98;98
US099;98;98;98;98;98;98;98;98;98;98;98;98;98;98;98;98;98;98;98;98;98;98;98;98;98;98;98;98;98;98;98;98;98;98;98;98;98;98;98;98;98;98;98;98;98;98;98;98;98;98;98;98;98;98;98;98;98;98;98;98;98;98;98;98;98;98;98;98;98;98;98;98;98;98;98;98;98;98;98;98;98;98;98;98;98;98;98;98;98;98;98;98;98;98;98;98;98;98;98;98;98;98;98;98;98;98;98;98;98;98;98;98;98
US100;0;0;0;0;1;0;0;0;0;0;0;0;0;1;1;0;0;0;0;0;0;0;0;0;0;0;0;0;1;0;0;0;0;0;0;0;0;0;0;0;0;0;0;0;0;0;0;0;0;0;1;0;0;1;0;0;1;0;1;0;1;1;0;0;0;0;0;0;0;0;0;0;0;0;0;0;0;0;0;0;0;0;0;0;0;0;0;0;0;0;0;0;0;0;0;0;0;0;0;1;0;0;0;0;0;0;0;0;0;1;0;0;0
US101;98;98;98;98;98;98;98;98;98;98;98;98;98;98;98;98;98;98;98;98;98;98;98;98;98;98;98;98;98;98;98;98;98;98;98;98;98;98;98;98;98;98;98;98;98;98;98;98;98;98;98;98;98;98;98;98;98;98;98;98;98;98;98;98;98;98;98;98;98;98;98;98;98;98;98;98;98;98;98;98;98;98;98;98;98;98;98;98;98;98;98;98;98;98;98;98;98;98;98;98;98;98;98;98;98;98;98;98;98;98;98;98;98
US102;98;98;98;98;98;98;98;98;98;98;98;98;98;98;98;98;98;98;98;98;98;98;98;98;98;98;98;98;98;98;98;98;98;98;98;98;98;98;98;98;98;98;98;98;98;98;98;98;98;98;98;98;98;98;98;98;98;98;98;98;98;98;98;98;98;98;98;98;98;98;98;98;98;98;98;98;98;98;98;98;98;98;98;98;98;98;98;98;98;98;98;98;98;98;98;98;98;98;98;98;98;98;98;98;98;98;98;98;98;98;98;98;98
US103;0;0;0;0;0;0;0;0;0;0;0;0;1;0;0;0;0;1;0;0;1;0;0;0;0;1;0;0;0;0;0;1;0;0;0;0;1;0;0;0;0;0;0;0;0;1;1;0;0;0;1;1;0;0;1;0;0;0;0;0;0;0;0;0;0;0;0;0;1;1;1;0;0;0;0;0;0;0;0;0;0;1;0;0;0;0;0;0;0;0;0;0;0;0;0;1;1;0;0;1;1;1;1;1;0;0;0;0;0;1;1;1;1
US104;98;98;98;98;98;98;98;98;98;98;98;98;98;98;98;98;98;98;98;98;98;98;98;98;98;98;98;98;98;98;98;98;98;98;98;98;98;98;98;98;98;98;98;98;98;98;98;98;98;98;98;98;98;98;98;98;98;98;98;98;98;98;98;98;98;98;98;98;98;98;98;98;98;98;98;98;98;98;98;98;98;98;98;98;98;98;98;98;98;98;98;98;98;98;98;98;98;98;98;98;98;98;98;98;98;98;98;98;98;98;98;98;98
US105;98;98;98;98;98;98;98;98;98;98;98;98;98;98;98;98;98;98;98;98;98;98;98;98;98;98;98;98;98;98;98;98;98;98;98;98;98;98;98;98;98;98;98;98;98;98;98;98;98;98;98;98;98;98;98;98;98;98;98;98;98;98;98;98;98;98;98;98;98;98;98;98;98;98;98;98;98;98;98;98;98;98;98;98;98;98;98;98;98;98;98;98;98;98;98;98;98;98;98;98;98;98;98;98;98;98;98;98;98;98;98;98;98
US106;0;0;0;0;0;0;0;0;0;0;0;0;0;0;0;0;0;0;0;0;0;0;0;0;0;0;0;0;0;0;0;0;0;0;0;0;0;0;0;0;0;0;0;0;0;0;0;0;0;0;0;0;0;0;0;0;0;0;0;0;0;0;0;0;0;0;0;0;0;0;0;0;0;0;0;0;0;0;0;0;0;0;0;0;0;0;0;0;0;0;0;0;0;0;0;0;0;0;0;0;0;0;0;0;0;0;0;0;0;0;0;0;0
US107;0;1;0;0;0;0;0;0;0;0;1;0;0;0;0;0;0;1;1;0;0;1;0;0;0;1;0;0;1;0;0;1;0;0;1;0;1;0;1;1;1;0;0;0;0;0;0;0;0;0;1;0;0;0;0;0;0;0;0;0;1;0;0;1;0;0;1;0;0;1;1;0;0;0;0;0;0;1;0;0;1;1;0;0;1;0;0;0;0;0;0;0;1;1;0;1;0;0;0;0;1;0;0;0;0;0;1;0;0;1;1;1;1
US108;0;0;0;0;0;0;0;0;0;0;0;0;0;0;0;0;0;0;0;0;0;0;0;0;0;1;0;0;0;0;0;0;0;0;0;0;0;0;0;0;1;1;0;0;0;0;0;0;0;0;0;1;0;0;0;0;0;0;0;0;0;0;0;0;0;0;0;0;0;0;0;0;0;0;0;0;0;1;0;0;0;0;0;0;0;0;0;0;1;0;0;0;0;0;0;0;1;0;0;0;0;0;0;0;0;0;0;0;0;1;0;0;0
US109;98;98;98;98;98;98;98;98;98;98;98;98;98;98;98;98;98;98;98;98;98;98;98;98;98;98;98;98;98;98;98;98;98;98;98;98;98;98;98;98;98;98;98;98;98;98;98;98;98;98;98;98;98;98;98;98;98;98;98;98;98;98;98;98;98;98;98;98;98;98;98;98;98;98;98;98;98;98;98;98;98;98;98;98;98;98;98;98;98;98;98;98;98;98;98;98;98;98;98;98;98;98;98;98;98;98;98;98;98;98;98;98;98
US110;98;98;98;98;98;98;98;98;98;98;98;98;98;98;98;98;98;98;98;98;98;98;98;98;98;98;98;98;98;98;98;98;98;98;98;98;98;98;98;98;98;98;98;98;98;98;98;98;98;98;98;98;98;98;98;98;98;98;98;98;98;98;98;98;98;98;98;98;98;98;98;98;98;98;98;98;98;98;98;98;98;98;98;98;98;98;98;98;98;98;98;98;98;98;98;98;98;98;98;98;98;98;98;98;98;98;98;98;98;98;98;98;98
US111;98;98;98;98;98;98;98;98;98;98;98;98;98;98;98;98;98;98;98;98;98;98;98;98;98;98;98;98;98;98;98;98;98;98;98;98;98;98;98;98;98;98;98;98;98;98;98;98;98;98;98;98;98;98;98;98;98;98;98;98;98;98;98;98;98;98;98;98;98;98;98;98;98;98;98;98;98;98;98;98;98;98;98;98;98;98;98;98;98;98;98;98;98;98;98;98;98;98;98;98;98;98;98;98;98;98;98;98;98;98;98;98;98
US112;98;98;98;98;98;98;98;98;98;98;98;98;98;98;98;98;98;98;98;98;98;98;98;98;98;98;98;98;98;98;98;98;98;98;98;98;98;98;98;98;98;98;98;98;98;98;98;98;98;98;98;98;98;98;98;98;98;98;98;98;98;98;98;98;98;98;98;98;98;98;98;98;98;98;98;98;98;98;98;98;98;98;98;98;98;98;98;98;98;98;98;98;98;98;98;98;98;98;98;98;98;98;98;98;98;98;98;98;98;98;98;98;98
US113;98;98;98;98;98;98;98;98;98;98;98;98;98;98;98;98;98;98;98;98;98;98;98;98;98;98;98;98;98;98;98;98;98;98;98;98;98;98;98;98;98;98;98;98;98;98;98;98;98;98;98;98;98;98;98;98;98;98;98;98;98;98;98;98;98;98;98;98;98;98;98;98;98;98;98;98;98;98;98;98;98;98;98;98;98;98;98;98;98;98;98;98;98;98;98;98;98;98;98;98;98;98;98;98;98;98;98;98;98;98;98;98;98
